song_name,video_id,title,artist,release_date,views,likes,comments,error
Shape of You Ed Sheeran,liTfD88dbCo,Ed Sheeran - Shape of You (Lyrics),7clouds,2024-12-13T19:33:36Z,16171142,87989,3379,
Blinding Lights The Weeknd,XwxLwG2_Sxk,The Weeknd - Blinding Lights (Lyrics),7clouds,2020-03-01T18:09:07Z,142481686,1369380,35208,
Dance Monkey Tones and I,q0hyYWKXF0Q,TONES AND I - DANCE MONKEY (OFFICIAL VIDEO),Tones And I,2019-06-24T22:01:36Z,2212980900,16058425,392347,
When I'm With You,qiaLTtDLB10,NCT DREAM 엔시티 드림 &#39;When I&#39;m With You&#39; Performance Video,NCT DREAM,2024-11-18T15:00:59Z,1356990,76411,2642,
Moonlit Floor (Kiss Me),pxGM_TOgHuM,LISA - MOONLIT FLOOR (Official Performance Video),LLOUD Official,2024-10-09T00:00:07Z,66200691,1310509,46314,
Who,Av9DvtlJ9_M,지민 (Jimin) &#39;Who&#39; Official MV,HYBE LABELS,2024-07-19T03:58:08Z,90380936,2662194,329618,
New Woman (feat. ROSALÍA),UxXY_hR_wzo,LISA - NEW WOMAN feat. Rosalía (Official Music Video),LLOUD Official,2024-08-16T00:00:08Z,142792624,3299299,191109,
Die With A Smile,kPa7bsKwL-c,"Lady Gaga, Bruno Mars - Die With A Smile (Official Music Video)",LadyGagaVEVO,2024-08-16T04:00:36Z,749845365,8793461,360042,
BIRDS OF A FEATHER,V9PVRfjEBTI,Billie Eilish - BIRDS OF A FEATHER (Official Music Video),BillieEilishVEVO,2024-09-27T15:00:38Z,264438203,2949462,76964,
Rockstar,hbcGx4MGUMg,LISA - ROCKSTAR (Official Music Video),LLOUD Official,2024-06-28T00:00:07Z,269889420,6448444,510058,
3D (feat. Jack Harlow),hS0AMFijhBo,Jung Kook - 3D (Lyrics) ft. Jack Harlow,Vibe Music,2023-10-01T14:13:46Z,7108103,54303,1771,
Standing Next to You,UNo0TG9LwwI,정국 (Jung Kook) &#39;Standing Next to You&#39; Official MV,HYBE LABELS,2023-11-03T04:00:01Z,176431511,4554974,275827,
Seven (feat. Latto) (Clean Ver.),Vs64cZbeY88,Seven (feat. Latto) - Clean Ver.,Jung Kook - Topic,2023-07-14T04:04:33Z,77169348,596347,0,
"One Of The Girls (with JENNIE, Lily Rose Depp)",Mx92lTYxrJQ,"The Weeknd, JENNIE, Lily-Rose Depp - One Of The Girls (Official Video)",TheWeekndVEVO,2023-07-06T14:00:13Z,212492796,2314050,36443,
Seven (feat. Latto),QU9c0053UAU,정국 (Jung Kook) &#39;Seven (feat. Latto)&#39; Official MV,HYBE LABELS,2023-07-14T04:00:00Z,492078459,10591982,1358727,
Seven (feat. Latto) (Explicit Ver.),QU9c0053UAU,정국 (Jung Kook) &#39;Seven (feat. Latto)&#39; Official MV,HYBE LABELS,2023-07-14T04:00:00Z,492078459,10591982,1358727,
That's What I Like,PMivT7MJ41M,Bruno Mars - That’s What I Like [Official Music Video],Bruno Mars,2017-03-02T02:00:11Z,2377969286,13949526,401485,
Cruel Summer,ic8j13piAhQ,Taylor Swift - Cruel Summer (Official Audio),TaylorSwiftVEVO,2019-08-23T04:00:06Z,228960903,1497036,38907,
Snooze,CBx6e9cZlBQ,SZA - Snooze (Lyrics),7clouds,2023-01-22T18:43:24Z,37756487,120633,3637,
we can't be friends (wait for your love),KNtJGQkC-WI,Ariana Grande - we can&#39;t be friends (wait for your love) (official music video),ArianaGrandeVevo,2024-03-08T15:00:08Z,240727210,2956519,104713,
Messy,1hpkQ_ag470,Lola Young - Messy (Lyrics),Vibe Music,2024-11-19T14:57:10Z,8313931,68313,2301,
Night Changes,syFZfO_wfMQ,One Direction - Night Changes,OneDirectionVEVO,2014-11-21T16:00:06Z,954593056,8619814,308356,
Nonsense,YcSP1ZUf1eQ,Sabrina Carpenter - Nonsense (Official Video),SabrinaCarpenterVEVO,2022-11-11T02:30:08Z,120372007,962895,16942,
Starboy,34Na4j8AVgA,The Weeknd - Starboy ft. Daft Punk (Official Video),TheWeekndVEVO,2016-09-28T16:00:01Z,2557393032,12593325,421314,
"Good Luck, Babe!",1RKqOmSkGgM,"Chappell Roan - Good Luck, Babe! (Official Lyric Video)",ChappellRoanVEVO,2024-04-05T04:00:02Z,83591761,797176,21004,
WILDFLOWER,l08Zw-RY__Q,Billie Eilish - WILDFLOWER (Official Lyric Video),BillieEilishVEVO,2024-05-17T04:00:33Z,113126213,1115671,17952,
Espresso,eVli-tstM5E,Sabrina Carpenter - Espresso (Official Video),SabrinaCarpenterVEVO,2024-04-12T14:00:07Z,336634131,3079972,66897,
Just the Way You Are,LjhCEhWiKXk,Bruno Mars - Just The Way You Are (Official Music Video),Bruno Mars,2010-09-08T21:29:01Z,2022831821,8808020,258345,
Touch,l9CZykYZkOQ,KATSEYE (캣츠아이) &quot;Touch&quot; Official MV,HYBE LABELS,2024-07-26T03:58:07Z,90512548,980145,22694,
double take,7X1rWBYflKg,แปลเพลง Double Take - dhruv,Translate Song Studio,2021-07-25T14:34:30Z,1897005,33626,466,
Kill Bill,9ohjxfg_NRM,[THAISUB] Kill Bill - SZA,MOODLY,2022-12-29T11:00:05Z,2809843,26930,136,
Slow Dance (feat. Sofia Carson),w3HZ3ior4_s,Slow Dance (feat. Sofia Carson),Jimin - Topic,2024-07-19T04:00:39Z,4984412,183219,0,
Here With Me,d7CrCIlal-k,[THAISUB] Here With Me // d4vd แปลเพลง,luminbeam,2022-08-04T09:57:10Z,3956669,64011,479,
Dandelions,5gg17XXXiNo,Ruth B. - Dandelions (Lyrics),7clouds Rock,2023-05-30T14:54:04Z,109909749,640220,19653,
Taste,KEG7b851Ric,Sabrina Carpenter - Taste (Official Video),SabrinaCarpenterVEVO,2024-08-23T14:00:08Z,159437331,3000242,87385,
Die For You,uPD0QOGTmMI,The Weeknd - Die For You,TheWeekndVEVO,2021-11-25T05:00:15Z,128954045,1862659,37484,
seasons,T8gBKxmD6JM,paiiinntt - seasons l 「Official MV」,paiiinntt,2025-02-11T11:00:41Z,29855,1881,84,
Shape of You,JGwWNGJdvx8,Ed Sheeran - Shape of You (Official Music Video),Ed Sheeran,2017-01-30T10:57:50Z,6421100057,34047216,1193134,
Bed Chem,x8VkB8ap_FQ,Sabrina Carpenter - Bed Chem (Official Lyric Video),SabrinaCarpenterVEVO,2024-08-23T04:00:47Z,30001379,270922,6543,
Magnetic,Vk5-c_v4gMU,ILLIT (아일릿) ‘Magnetic’ Official MV,HYBE LABELS,2024-03-25T08:58:08Z,202592072,2034977,81297,
bad,o9DhvbqYzns,G-DRAGON - TOO BAD (feat. Anderson .Paak) (Official Video),OfficialGDRAGON,2025-02-25T05:02:00Z,7501959,437848,30415,
Perfect Night,bagucl7jjiM,LE SSERAFIM (르세라핌) &#39;Perfect Night&#39; (Color Coded Lyrics),Jaeguchi,2023-10-27T09:03:42Z,8385639,51639,1197,
Perfect,2Vv-BfVoq4g,Ed Sheeran - Perfect (Official Music Video),Ed Sheeran,2017-11-09T11:04:14Z,3895346480,22353292,562491,
End of Beginning,B3Z4XGAxJB0,Djo - End Of Beginning (Lyrics),Dan Music,2024-02-27T13:55:19Z,76128837,449569,11861,
Closer,PT2_F-1esPk,The Chainsmokers - Closer (Lyric) ft. Halsey,ChainsmokersVEVO,2016-07-29T07:00:02Z,3196542922,14430694,402816,
Photograph,KKQl-pIRQMY,Ed Sheeran - Photograph (Official Lyric Video),Ed Sheeran,2024-06-20T23:00:10Z,11902388,59207,1115,
CRAZY,n6B5gQXlB-0,LE SSERAFIM (르세라핌) &#39;CRAZY&#39; OFFICIAL MV,HYBE LABELS,2024-08-30T03:58:08Z,124677141,1383988,67815,
Please Please Please,YiQ7qiL73aI,Sabrina Carpenter - Please Please Please ft. Dolly Parton,SabrinaCarpenterVEVO,2025-02-14T05:00:36Z,9473509,453120,18503,
Payphone,bbdsIR4UHDg,"Maroon 5, Wiz Khalifa – Payphone (Lyrics)",Latin City,2024-08-22T13:53:10Z,3282446,16880,914,
drunk text,gkciKjOLj-0,Henry Moodie - drunk text (Lyrics),Ethereal Music,2023-06-07T21:45:02Z,37061055,123964,1863,
SHEESH,2wA_b6YHjqQ,BABYMONSTER - ‘SHEESH’ M/V,BABYMONSTER,2024-03-31T15:00:08Z,335781617,4126160,239573,
Unforgettable,CTFtOOh47oo,French Montana - Unforgettable ft. Swae Lee,FrenchMontanaVEVO,2017-04-14T04:01:00Z,1791686864,8472984,180027,
Yellow,yKNxeF4KMsY,Coldplay - Yellow (Official Video),Coldplay,2011-05-30T13:12:47Z,1150409503,6116348,159088,
FAKE LOVE,7C2z4GqqS5E,BTS (방탄소년단) &#39;FAKE LOVE&#39; Official MV,HYBE LABELS,2018-05-18T09:00:02Z,1313262661,21824977,4446714,
Talking to the Moon,fXw0jcYbqdo,Bruno Mars - Talking To The Moon (Official Lyric Video),Bruno Mars,2020-10-02T17:37:37Z,194173450,2441703,40593,
SPOT!,xfqBQ2XhBCg,ZICO (지코) ‘SPOT! (feat. JENNIE)’ Official MV,HYBE LABELS,2024-04-26T09:00:08Z,122708894,2480526,139067,
Armageddon,nFYwcndNuOY,aespa 에스파 &#39;Armageddon&#39; MV,SMTOWN,2024-05-27T09:06:53Z,119879474,1691273,87384,
Love Yourself,oyEuk8j8imI,Justin Bieber - Love Yourself (PURPOSE : The Movement),JustinBieberVEVO,2015-11-14T15:00:01Z,1769279386,8502675,259932,
Diet Pepsi,Hki6RqI-eMA,Addison Rae - Diet Pepsi (Official Video),AddisonRaeVEVO,2024-08-09T04:00:07Z,19944372,315424,12010,
Drama,I8I51kSq448,G-DRAGON - DRAMA (Official Video),OfficialGDRAGON,2025-02-25T05:01:06Z,5030529,348723,26442,
Too Sweet,NTpbbQUBbuo,Hozier - Too Sweet (Official Video),HozierVEVO,2024-05-10T18:00:08Z,120935273,873086,13235,
Ditto,Km71Rr9K-Bw,NewJeans (뉴진스) &#39;Ditto&#39; Performance Video,NewJeans,2022-12-30T10:00:01Z,175212128,1396812,21612,
Timeless (feat. Playboi Carti),5EpyN_6dqyk,"The Weeknd, Playboi Carti - Timeless",TheWeekndVEVO,2024-09-30T16:00:07Z,69214245,1101001,27545,
Sailor Song,KZGWfHdfWQs,Gigi Perez - Sailor Song (Lyrics),7clouds Rock,2024-11-08T14:47:31Z,36704528,183840,9218,
OMG,sVTy_wmn5SU,NewJeans (뉴진스) &#39;OMG&#39; Official MV (Performance ver.1),HYBE LABELS,2023-01-03T11:30:01Z,311278660,2179665,48494,
Ghost,Fp8msa5uYsc,Justin Bieber - Ghost,JustinBieberVEVO,2021-10-08T04:00:10Z,399201841,3747510,112771,
Supernova,phuiiNCxRMg,aespa 에스파 &#39;Supernova&#39; MV,SMTOWN,2024-05-13T09:00:41Z,177431758,2082512,108873,
Fortnight (feat. Post Malone),q3zqJs7JUCQ,Taylor Swift - Fortnight (feat. Post Malone) (Official Music Video),Taylor Swift,2024-04-20T00:00:06Z,138803764,2058131,103671,
Open Arms (feat. Travis Scott),dwo4o0uDiX8,SZA - Open Arms (Lyrics) ft. Travis Scott,Vibe Music,2023-05-05T15:59:30Z,15353590,66663,1472,
greedy,To4SWGZkEPk,Tate McRae - greedy (Official Video),TateMcRaeVEVO,2023-09-15T04:00:09Z,194296964,1538813,25024,
Shut up My Moms Calling,J4ANQfaf_gc,Hotel Ugly - Shut Up My Moms Calling (Lyrics),Lost Panda,2023-08-29T11:34:48Z,12424282,91339,903,
Young And Beautiful,o_1aF54DO60,Lana Del Rey - Young and Beautiful,LanaDelReyVEVO,2013-05-10T07:01:10Z,676491564,5116987,123818,
Something Just Like This,FM7MFYoylVs,The Chainsmokers &amp; Coldplay - Something Just Like This (Lyric),ChainsmokersVEVO,2017-02-22T21:15:00Z,2362328751,11115902,287663,
The Hills,yzTuBuRdAyA,The Weeknd - The Hills,TheWeekndVEVO,2015-05-27T13:00:03Z,2190830078,13022370,321407,
love.,9PBZy9j3H3I,Keyshia Cole - Love (Alt. Version) (Official Music Video),KeyshiaColeVEVO,2009-06-16T22:55:15Z,194792813,1559260,31507,
There's Nothing Holdin' Me Back,Bt6TmXqRCb4,Shawn Mendes ‒ There&#39;s Nothing Holding Me Back (Lyrics),Unique Sound,2021-08-28T18:08:18Z,64995039,458815,7539,
Super Shy,ArmDp-zijuc,NewJeans (뉴진스) &#39;Super Shy&#39; Official MV,HYBE LABELS,2023-07-07T03:58:10Z,232665806,2804083,63977,
When I Was Your Man,sjr64vdMw9M,˓  thaisub  ˒ When i was your man — Bruno Mars แปลไทย,fungsii_,2021-01-15T12:48:47Z,1002367,20709,76,
One Last Time,WnQISv7I7tw,[THAISUB] One Last Time - Ariana Grande (แปลไทย),Jao Swiftie Translate,2021-05-21T17:34:37Z,305796,4288,11,
Locked out of Heaven,e-fA-gBCkj0,Bruno Mars - Locked Out Of Heaven (Official Music Video),Bruno Mars,2012-10-15T19:03:03Z,1135990067,7188078,183186,
Heather,aVgyQOVMTD0,[THAISUB] Heather - Conan Gray,MOODLY,2020-08-26T12:00:00Z,8770582,108993,687,
Hype Boy,11cta61wi0g,NewJeans (뉴진스) &#39;Hype Boy&#39; Official MV (Performance ver.1),HYBE LABELS,2022-08-18T09:00:01Z,210750308,1653058,23386,
Breakin' Dishes,LO71pC20BDI,Breakin&#39; Dishes,Rihanna - Topic,2018-07-23T18:36:56Z,57747796,627982,3537,
Love Me,KY44zvhWhp4,"Lil Wayne - Love Me (Explicit Version/Closed Captioned) ft. Drake, Future",LilWayneVEVO,2013-02-15T00:55:07Z,586141019,3604244,122108,
Sweater Weather,GCdwKhTtNNw,The Neighbourhood - Sweater Weather (Official Video),TheNeighbourhoodVEVO,2013-03-05T08:01:03Z,867020185,8710194,172506,
Rebirth (Intro),acWdVkYOzBs,Rebirth (Intro),Jimin - Topic,2024-07-19T04:00:02Z,4027667,152393,0,
How Sweet,Q3K0TOvTOno,NewJeans (뉴진스) &#39;How Sweet&#39; Official MV,HYBE LABELS,2024-05-24T07:00:00Z,54984707,1008363,78871,
Summertime Sadness,TdrL3QxjyVw,Lana Del Rey - Summertime Sadness (Official Music Video),LanaDelReyVEVO,2013-08-23T10:38:53Z,644656353,6903805,147019,
Blinding Lights,4NRXx6U8ABQ,The Weeknd - Blinding Lights (Official Video),TheWeekndVEVO,2020-01-21T18:00:10Z,910258708,10563293,317302,
Counting Stars,hT_nvWreIhg,OneRepublic - Counting Stars,OneRepublicVEVO,2013-05-31T07:00:36Z,4126106105,18346677,519218,
happier,ZQFmRXgeR-s,Olivia Rodrigo - happier (Lyric Video),OliviaRodrigoVEVO,2021-05-21T04:00:10Z,212446675,2434070,39752,
Say Yes To Heaven,3P6JNWAkLeM,[Thaisub] Say Yes To Heaven - Lana Del Rey (แปลไทย),RAKPHELNG SAKL,2023-05-18T23:00:03Z,718265,10321,49,
No One Noticed,2lwEzBoFMPQ,แปลไทย The Marías - No One Noticed | (Lyrics Thaisub),Alune,2025-01-19T10:44:30Z,4119,141,5,
Circles,wXhTHyIgQ_U,Post Malone - Circles (Official Music Video),PostMaloneVEVO,2019-09-03T17:00:11Z,723197338,5510128,127162,
a thousand years,rtOvBOTyX00,Christina Perri - A Thousand Years [Official Music Video],Christina Perri,2011-10-26T20:55:17Z,2595660150,15902172,543674,
Boom Boom Bass,z3mhB8jHNdM,RIIZE 라이즈 &#39;Boom Boom Bass&#39; Dance Practice,RIIZE,2024-06-26T13:01:07Z,3366950,95331,2420,
Interlude : Showtime,JzXiukc6DEc,interlude IV (Showtime),Zach Callison - Topic,2018-07-18T21:13:16Z,9604943,184587,5201,
As It Was,H5v3kku4y6Q,Harry Styles - As It Was (Official Video),HarryStylesVEVO,2022-03-31T23:00:10Z,809309327,8454189,211409,
Heat Waves,mRD0-GxqHVo,Glass Animals - Heat Waves (Official Video),GlassAnimalsVEVO,2020-06-29T18:30:09Z,769616003,9083711,191983,
New Jeans,,,,,,,,Unexpected error: 'videoId'
we fell in love in october,iggmiF7DNoM,girl in red - we fell in love in october,girl in red,2018-11-21T17:16:14Z,156382547,3149965,80698,
Demons,mWRsgZuwf_8,Imagine Dragons - Demons (Official Music Video),ImagineDragonsVEVO,2013-05-07T15:40:06Z,1195139417,8577514,254146,
Somewhere Only We Know,Oextk-If8HQ,Keane - Somewhere Only We Know (Official Music Video),KeaneVEVO,2009-10-09T03:16:18Z,776738207,5212448,129107,
Love,9PBZy9j3H3I,Keyshia Cole - Love (Alt. Version) (Official Music Video),KeyshiaColeVEVO,2009-06-16T22:55:15Z,194793568,1559261,31507,
Woman,2V_uAAAH-_Q,Doja Cat - Woman (Visualizer),dojacatVEVO,2021-06-25T04:00:01Z,142479656,1501066,18372,
EASY,0XRrYgByp28,Easy,Commodores - Topic,2018-07-31T13:09:20Z,4329911,68226,649,
Poker Face,bESGLojNYSo,Lady Gaga - Poker Face (Official Music Video),LadyGagaVEVO,2009-12-20T03:05:36Z,1468919006,7811019,315840,
Romantic Homicide,83MOqrzeF4E,d4vd - Romantic Homicide (Lyrics),7clouds Chill,2023-04-24T16:52:34Z,1520356,16800,1475,
I Was Never There,Zyfw159iOGI,I Was Never There - The Weeknd (FT. Gesaffelstein) (Thaisub),listentoyourheart,2022-07-26T19:57:36Z,273368,4226,22,
Supernatural,4bwnO0FQp1s,Ariana Grande - supernatural (lyric visualizer),ArianaGrandeVevo,2024-03-08T05:00:02Z,13939131,188892,6327,
Someone You Loved,zABLecsR5UE,Lewis Capaldi - Someone You Loved,LewisCapaldiVEVO,2019-08-29T17:00:11Z,997165900,9931019,187584,
Daylight,u9raS7-NisU,Taylor Swift - Daylight (Official Audio),TaylorSwiftVEVO,2019-08-23T04:00:07Z,73918919,619903,12644,
Real Man,nl0e7yzOUwM,Real Man,Beabadoobee - Topic,2024-08-08T10:02:09Z,14467436,265335,2699,
Thinking out Loud,XMPgVZtADtQ,Ed Sheeran - Thinking out Loud (Lyrics),7clouds,2022-12-28T17:40:26Z,8408956,66109,1362,
Viva La Vida,dvgZkm1xWPE,Coldplay - Viva La Vida (Official Video),Coldplay,2008-08-04T09:36:03Z,961968568,5590311,301197,
Call Out My Name,1xda50Ije_Q,The Weeknd - Call Out My Name (Lyrics),Cakes & Eclairs,2022-12-09T11:06:50Z,8673607,63451,822,
BANG BANG BANG,2ips2mM7Zqw,BIGBANG - 뱅뱅뱅 (BANG BANG BANG) M/V,BIGBANG,2015-06-01T15:00:00Z,743374356,7598945,402845,
ocean eyes,HQitbbtPZz8,Billie Eilish - Ocean Eyes (Lyrics),7clouds,2018-08-12T18:12:14Z,41178611,318354,7771,
lovely (with Khalid),V1Pl8CzNzCw,"Billie Eilish, Khalid - lovely",BillieEilishVEVO,2018-04-26T16:00:02Z,2172595525,27727950,636215,
Juno,1aMCVgRKcP4,Sabrina Carpenter - Juno (Official Lyric Video),SabrinaCarpenterVEVO,2024-08-23T04:00:04Z,20050697,205949,5175,
Brooklyn Baby,JhLG1Bbe4ks,Lana Del Rey - Brooklyn Baby (Lyrics),HIGH VIBES,2021-11-26T06:30:41Z,5370571,50771,916,
Flowers,G7KNmW9a75Y,Miley Cyrus - Flowers (Official Video),MileyCyrusVEVO,2023-01-13T00:00:09Z,990904621,8528869,209607,
the perfect pair,NIMAVkq3rYs,[THAISUB] the perfect pair - beabadoobee,MOODLY,2022-10-26T11:00:13Z,66364,2030,14,
Story of My Life,W-TE_Ys4iwM,One Direction - Story of My Life,OneDirectionVEVO,2013-11-03T16:00:02Z,1039019793,8490731,762157,
Save Your Tears,XXYlFuWEuKI,The Weeknd - Save Your Tears (Official Music Video),TheWeekndVEVO,2021-01-05T17:00:12Z,1858258541,10055868,320553,
Streets,jJdlgKzVsnI,Doja Cat - Streets (Official Video),dojacatVEVO,2021-03-09T05:00:12Z,362517498,4285804,104399,
Believer,7wtfhZwyrcc,Imagine Dragons - Believer (Official Music Video),ImagineDragonsVEVO,2017-03-07T14:00:00Z,2784120262,22424180,649140,
Set Fire to the Rain,a2giXO6eyuI,Set Fire to the Rain,Adele - Topic,2015-03-04T12:54:16Z,243045846,1857506,15113,
Attention,nfs8NYg7yQM,Charlie Puth - Attention [Official Video],Charlie Puth,2017-04-24T17:00:05Z,1643837548,11315530,252969,
きらり,TcLLpZBWsck,Fujii Kaze - Kirari (Official Video),Fujii Kaze,2021-05-21T13:00:11Z,143764916,1116707,36310,
Popular (with Playboi Carti & Madonna) - From The Idol Vol. 1 (Music from the HBO Original Series),XQM71BafJog,Popular (From The Idol Vol. 1 (Music from the HBO Original Series)),The Weeknd - Topic,2023-06-10T04:01:10Z,3390527,39900,241,
Too Good At Goodbyes,J_ub7Etch2U,Sam Smith - Too Good At Goodbyes,SamSmithVEVO,2017-09-18T10:00:01Z,1526203411,7321395,140964,
Somebody's Pleasure,cMqfTJdbXpY,Aziz Hedra - Somebody&#39;s Pleasure (Official Music Video),AzizHedraaVEVO,2023-02-10T08:00:11Z,23617124,185134,3404,
Judas,OTmJmteT7hw,Lady Gaga - Judas (Lyrics),Taj Tracks,2020-12-24T14:33:17Z,35553618,325356,11435,
Say You Won't Let Go,0yW7w8F2TVA,James Arthur - Say You Won&#39;t Let Go,JamesAVEVO,2016-09-09T07:00:00Z,1724561066,9236447,187688,
Beautiful Things,Oa_RSwwpPaA,Benson Boone - Beautiful Things (Official Music Video),Benson Boone,2024-01-18T23:00:13Z,532335026,4532860,98584,
CHIHIRO,BY_XwvKogC8,Billie Eilish - CHIHIRO (Official Music Video),BillieEilishVEVO,2024-06-06T16:00:07Z,88883099,1604981,35663,
"What Was I Made For? [From The Motion Picture ""Barbie""]",cW8VLC9nnTo,Billie Eilish - What Was I Made For? (Official Music Video),BillieEilishVEVO,2023-07-13T14:00:10Z,202774224,3135707,93408,
ETA,jOTfBlKSQYY,NewJeans (뉴진스) &#39;ETA&#39; Official MV,HYBE LABELS,2023-07-21T03:58:10Z,95312902,1420790,37593,
Bubble Gum,ft70sAYrFyY,NewJeans (뉴진스) &#39;Bubble Gum&#39; Official MV,HYBE LABELS,2024-04-26T15:00:01Z,68846513,1547485,107053,
It Will Rain,neVe5CIe1Xg,Bruno Mars - It Will Rain (Lyrics),Pizza Music,2024-10-03T16:26:20Z,5181323,13689,353,
The Nights,UtF6Jej8yb4,Avicii - The Nights,AviciiOfficialVEVO,2014-12-15T17:00:05Z,949641658,10219182,338357,
Skyfall,DeumyOzKqgI,Adele - Skyfall (Official Lyric Video),AdeleVEVO,2012-10-18T16:04:00Z,704837579,4885832,158520,
West Coast,oKxuiw3iMBE,Lana Del Rey - West Coast,LanaDelReyVEVO,2014-05-07T15:33:46Z,222811709,1726770,32870,
Danza Kuduro,7zp1TbLFPp8,Don Omar - Danza Kuduro ft. Lucenzo,DonOmarVEVO,2010-08-11T20:39:10Z,1580893976,7032165,265350,
Lady Killers II,XTT5MIkhEY4,G-Eazy - Lady Killers II (Christoph Andersson Remix) (Lyrics),7clouds,2024-04-17T14:01:28Z,13204459,89045,1434,
Atlantis,gVAy3IZiL0s,Seafret - Atlantis (Official Video),SeafretVEVO,2015-04-22T08:29:05Z,114157892,1407444,17559,
Call Me Maybe,fWNaR-rxAic,Carly Rae Jepsen - Call Me Maybe,CarlyRaeJepsenVEVO,2012-03-01T23:21:04Z,1704095620,9727767,656600,
Car's Outside,zh6Co7taC3k,[ThaiSub] Car’s Outside - James Arthur (แปลเพลง),hi sleepy pie,2022-08-29T15:23:03Z,374759,7807,43,
Rewrite The Stars (with James Arthur & Anne-Marie),pRfmrE0ToTo,Anne-Marie &amp; James Arthur - Rewrite The Stars [from The Greatest Showman: Reimagined],Anne-Marie,2018-11-16T14:00:21Z,642173109,4513294,69892,
Reflections,x47TgeRJtH0,The Neighbourhood - Reflections (Official Audio),TheNeighbourhoodVEVO,2018-03-09T05:01:01Z,57228024,675217,7286,
LUNCH,MB3VkzPdgLA,Billie Eilish - LUNCH (Official Music Video),BillieEilishVEVO,2024-05-17T16:00:06Z,63299356,1346395,60456,
A Sky Full of Stars,VPRjCeoBqrI,Coldplay - A Sky Full Of Stars (Official Video),Coldplay,2014-06-19T12:13:08Z,971631524,4570812,95367,
Get A Guitar,iUw3LPM7OBU,RIIZE 라이즈 &#39;Get A Guitar&#39; MV,SMTOWN,2023-09-04T09:00:24Z,52169867,662654,41769,
Softcore,ggG9ySCChYw,The Neighbourhood - Softcore (Official Audio),TheNeighbourhoodVEVO,2018-03-09T05:01:00Z,80244650,1050112,11025,
Rolling in the Deep,rYEDA3JcQqw,Adele - Rolling in the Deep (Official Music Video),AdeleVEVO,2010-11-30T23:29:12Z,2636209326,13657105,441254,
The Scientist,RB-RcX5DS5A,Coldplay - The Scientist (Official 4K Video),Coldplay,2011-05-27T16:20:57Z,1257801950,6305719,139007,
Like Crazy,nOI67IDlNMQ,지민 (Jimin) &#39;Like Crazy&#39; Official MV,HYBE LABELS,2023-03-24T03:59:08Z,159733355,4359787,461042,
Always Remember Us This Way,5vheNbQlsyU,Lady Gaga - Always Remember Us This Way (from A Star Is Born) (Official Music Video),LadyGagaVEVO,2018-11-09T05:00:01Z,628593686,3386736,69303,
Timber,hHUbLv4ThOo,"Pitbull, Ke$ha - Timber (featuring Ke$ha - Official Video)",PitbullVEVO,2013-11-25T18:19:53Z,1532416604,6203489,165620,
Shivers,Nnl-qn3vlLU,Ed Sheeran - Shivers (Lyrics),TrendingTracks,2021-09-09T23:23:36Z,5271232,35166,1142,
If I Ain't Got You,P1pIzbHC1Z4,Alicia Keys - If I Ain&#39;t Got You (Lyrics),7clouds,2024-01-28T13:06:56Z,4291090,29093,435,
I'm Good (Blue),90RLzVUuXe4,David Guetta &amp; Bebe Rexha - I&#39;m Good (Blue) [Official Music Video],David Guetta,2022-09-20T15:00:12Z,335586758,2740384,48068,
Diet Mountain Dew,cuVVSvUet_Q,Lana Del Rey -​ Diet Mountain Dew​ [ แปลไทย ]​ thaisub,pinkle pump,2024-01-22T13:22:16Z,201133,4553,28,
Bad Romance,qrO4YZeyl0I,Lady Gaga - Bad Romance (Official Music Video),LadyGagaVEVO,2009-11-24T08:15:30Z,1910230284,9549523,915806,
Dancing In The Flames,MLlSSJ0z7xM,The Weeknd - Dancing In The Flames (Official Music Video),TheWeekndVEVO,2024-09-13T04:00:08Z,64927672,631896,27817,
Beggin',W2MpGCL8-9o,Måneskin - Beggin&#39; (Lyrics/Testo),LatinHype,2021-07-15T21:10:57Z,192103383,1668516,21429,
Come Inside Of My Heart,bQIP-fG0RK0,[THAISUB/แปลไทย] Come Inside Of My Heart - IV OF SPADES,ILIKEYOU7,2021-11-30T20:20:50Z,585965,12004,112,
Daddy Issues,_lMlsPQJs6U,The Neighbourhood - Daddy Issues (Official Video),TheNeighbourhoodVEVO,2016-05-05T14:00:01Z,84722563,1377099,19790,
Easy On Me,U3ASj1L6_sY,Adele - Easy On Me (Official Video),AdeleVEVO,2021-10-14T23:00:11Z,398824225,7029493,252357,
Tumblr Girls (feat. Christoph Andersson),fu7NR1qe_Mk,G-Eazy - Tumblr Girls (Audio) ft. Christoph Andersson,GEazyMusicVEVO,2014-05-27T07:00:01Z,104456951,556472,11184,
All of Me,450p7goxZqg,John Legend - All of Me (Official Video),johnlegendVEVO,2013-10-02T14:00:06Z,2485037233,13543858,264269,
On The Floor,t4H_Zoh7G5A,Jennifer Lopez - On The Floor ft. Pitbull,JenniferLopezVEVO,2011-03-04T01:40:06Z,2500533986,10702690,491138,
One Dance,ki0Ocze98U8,Drake - One Dance (Lyrics) ft. Wizkid &amp; Kyla,Billion Stars,2020-09-14T12:27:53Z,319486022,2649806,31003,
晴る,CkvWJNt77mU,ヨルシカ - 晴る（OFFICIAL VIDEO）,ヨルシカ / n-buna Official,2024-03-05T09:00:13Z,49662786,380704,6419,
Dusk Till Dawn (feat. Sia) - Radio Edit,eNd4tt9raeg,ZAYN - Dusk Till Dawn (Audio) ft. Sia | Radio Edit |,kINFINITY,2017-09-07T17:25:39Z,2429449,27763,356,
TiK ToK,iP6XpLQM2Cs,Ke$ha - TiK ToK (Official HD Video),keshaVEVO,2009-11-14T13:10:59Z,716041156,5009808,216802,
GGUM,1T9tLMh99Wo,연준 (YEONJUN) ‘GGUM’ Official MV,HYBE LABELS,2024-09-19T09:00:01Z,36440417,1003785,56770,
Again,kbEC-AGr9n0,LISA - BORN AGAIN feat. Doja Cat &amp; RAYE (Official Music Video),LLOUD Official,2025-02-07T00:00:07Z,51796947,2202227,124871,
Something About You,0VAAS9xnS5U,EYEDRESS - SOMETHING ABOUT YOU (FEAT. DENT MAY) (OFFICIAL VIDEO),EYEDRESS,2021-06-02T17:00:10Z,20553145,387097,4460,
We Found Love,tg00YEETFzg,Rihanna - We Found Love ft. Calvin Harris,RihannaVEVO,2011-10-20T04:00:00Z,1156734031,5176463,225712,
Love In The Dark,53L4-OfOGVg,Love In The Dark - Adele (แปลไทย &amp; เนื้อเพลง),สากลในวันที่ดือ,2021-08-26T11:47:51Z,484791,7783,76,
Angels Like You,oDbjcMYXpIY,Miley Cyrus - Angels Like You (Lyrics),7clouds,2023-04-05T12:46:45Z,41005617,181405,2733,
Another Love,MwpMEbgC7DA,Tom Odell - Another Love (Official Video),TomOdellVEVO,2012-11-05T08:00:15Z,1048757608,9293557,209928,
you broke me first,AG-erEMhumc,Tate McRae - you broke me first (Official Video),TateMcRaeVEVO,2020-04-17T15:00:13Z,291692283,3752911,53755,
Wake Me Up,5y_KJAg8bHI,Avicii - Wake Me Up (Official Lyric Video),AviciiOfficialVEVO,2013-06-28T19:09:38Z,499040882,2770073,121788,
Slow It Down,f4Y3b7un4LE,Benson Boone - Slow It Down (Official Music Video),Benson Boone,2024-03-21T23:00:18Z,61884852,495325,12259,
In The Stars,jDRuZ0B3ZHY,แปลเพลง In The Stars - Benson Boone (Thaisub ความหมาย ซับไทย),Educatepark,2022-05-10T07:13:25Z,207881,2143,20,
The Color Violet,wR9TVF2c-n4,Tory Lanez - The Color Violet แปลไทย,pt_fifteen,2021-12-31T05:13:57Z,100986,1435,15,
It's ok I'm ok,Bpaf6Dm9iRc,Tate McRae - It&#39;s ok I&#39;m ok (Official Video),TateMcRaeVEVO,2024-09-13T00:00:06Z,34792899,527020,21048,
Just Dance,CyfM2o0d0IE,Just Dance 2020: Shakira - Waka Waka (This Time for Africa) Versión Futbolera - (MEGASTAR),Victor Luna (Just Dance),2020-04-02T02:11:57Z,117186286,291054,4142,
Smack That,bKDdT_nyP54,Akon - Smack That (Official Music Video) ft. Eminem,AkonVEVO,2009-12-13T21:59:31Z,1405707634,9676302,231106,
Pink Pony Club,sRtJ3vmQviU,Chappell Roan - Pink Pony Club (Lyrics),The Vibe Guide,2025-02-08T16:31:34Z,359876,2507,95,
Heavy,5dmQ3QWpy1Q,Heavy [Official Music Video] - Linkin Park (feat. Kiiara),Linkin Park,2017-03-09T15:00:01Z,207559266,1968433,93882,
Take Me To Church,PVjiKRfKpPI,Hozier - Take Me To Church,HozierVEVO,2014-03-25T14:00:03Z,915284906,8071186,266229,
I Don't Wanna Wait,dSDbwfXX5_I,David Guetta &amp; OneRepublic - I Don&#39;t Wanna Wait (Official Video),David Guetta,2024-04-25T16:00:07Z,81696472,528536,9676,
Before You Go,Jtauh8GcxBY,Lewis Capaldi - Before You Go (Official Video),LewisCapaldiVEVO,2020-01-24T18:00:11Z,406720021,3968287,59688,
welcome and goodbye,DWJh0Dny5Ug,"Dream, Ivory - welcome and goodbye (Official Video)",DreamIvoryVEVO,2022-04-29T04:00:31Z,12359195,159569,2094,
